timestamp,query,prompt_type,trial,response,success,error,model,tokens_used
2025-12-19T07:34:02.275581,Refactor this Python function to be more efficient: def fib(n): return n if n <= 1 else fib(n-1) + fib(n-2),baseline,2,"```python
def fib_memoization(n):
  """"""
  Calculates the nth Fibonacci number using memoization (dynamic programming).

  This is significantly more efficient than the recursive approach, especially for larger values of n.

  Args:
    n: The index of the desired Fibonacci number (non-negative integer).

  Returns:
    The nth Fibonacci number.
  """"""
  memo = {}  # Dictionary to store calculated Fibonacci numbers
  def _fib(n):
    if n in memo:
      return memo[n]
    if n <= 1:
      return n
    else:
      result = _fib(n-1) + _fib(n-2)
      memo[n] = result
      return result
  return _fib(n)


def fib_iterative(n):
  """"""
  Calculates the nth Fibonacci number using an iterative approach.

  This is the most efficient and recommended approach.

  Args:
    n: The index of the desired Fibonacci number (non-negative integer).

  Returns:
    The nth Fibonacci number.
  """"""
  if n <= 1:
    return n
  a, b = 0, 1
  for _ in range(2, n + 1):
    a, b = b, a + b
  return b
```

**Explanation of Improvements and Why the Original is Inefficient:**

The original `fib(n)` function is a naive recursive implementation.  It suffers from **exponential time complexity** (O(2^n)).  This is because it recalculates the same Fibonacci numbers repeatedly. For example, to calculate `fib(5)`, it calculates `fib(4)` and `fib(3)`. But `fib(4)` also calculates `fib(3)` again, and so on.  This leads to a massive amount of redundant computation.

The refactored versions address this inefficiency:

1. **`fib_memoization(n)` (Memoization/Dynamic Programming):**

   - **Memoization:**  This approach uses a `memo` (a dictionary in this case) to store the results of already calculated Fibonacci numbers.  Before calculating `fib(n)`, it checks if the value is already in `memo`. If it is, it simply returns the stored value.  Otherwise, it calculates the value, stores it in `memo`, and then returns it.
   - **Time Complexity:** O(n) - Linear time because each Fibonacci number is calculated only once.
   - **Space Complexity:** O(n) - Linear space to store the `memo`.

2. **`fib_iterative(n)` (Iterative Approach):**

   - **Iterative:** This approach avoids recursion altogether. It uses two variables `a` and `b` to keep track of the two previous Fibonacci numbers and iteratively calculates the next one.
   - **Time Complexity:** O(n) - Linear time.
   - **Space Complexity:** O(1) - Constant space.  This is the most space-efficient solution.

**Why `fib_iterative` is generally the best:**

- **Efficiency:** Both `fib_memoization` and `fib_iterative` have linear time complexity, which is a huge improvement over the original's exponential complexity.
- **Space:** `fib_iterative` uses constant space, while `fib_memoization` uses linear space.  For very large `n`, the space usage of `fib_memoization` could become a concern.
- **Overhead:** Iterative solutions generally have less overhead than recursive solutions (due to function call stack management).

**How to Choose:**

* For most practical purposes, `fib_iterative` is the best choice due to its efficiency in both time and space.
* `fib_memoization` can be useful if you already have a recursive structure and want to optimize it without completely rewriting it. It's a good way to learn about dynamic programming techniques.

**Example Usage:**

```python
print(fib_memoization(10))  # Output: 55
print(fib_iterative(10))    # Output: 55

print(fib_memoization(30))  # Output: 832040
print(fib_iterative(30))    # Output: 832040
```

The iterative approach will be significantly faster for larger values of `n`.  The recursive approach without memoization will likely crash or take an extremely long time for `n` greater than about 40.
",True,,google/gemini-2.0-flash-exp:free,1033
